[
    {
        "full_name": "layli",
        "occupation": "mahasiswa",
        "address": "qqqqqqqqqqq",
        "phone_number": "081241171444",
        "gender": "female",
        "reservation_date": "2024-06-07",
        "status": "Pending"
    },
    {
        "full_name": "layli",
        "occupation": "mahasiswa",
        "address": "qqqqqqqqq",
        "phone_number": "081241171444",
        "gender": "female",
        "reservation_date": "2024-06-07",
        "status": "Pending"
    },
    {
        "full_name": "layli",
        "occupation": "mahasiswa",
        "address": "qqqq",
        "phone_number": "081241171444",
        "gender": "female",
        "reservation_date": "2024-06-15",
        "status": "Pending"
    },
    {
        "full_name": "layli",
        "occupation": "mahasiswa",
        "address": "qqqq",
        "phone_number": "081241171444",
        "gender": "female",
        "reservation_date": "2024-06-15",
        "status": "Pending"
    }
]